txn_id,account_id,txn_date,txn_amount,txn_type,merchant_category,channel,is_flagged
SYNTHETIC_TXN_000001,SYNTHETIC_ACCT_0030,2024-10-21,6600.33,TRANSFER,TRAVEL,ATM,False
SYNTHETIC_TXN_000002,SYNTHETIC_ACCT_0069,2024-07-02,276.01,TRANSFER,TRAVEL,ONLINE,False
SYNTHETIC_TXN_000003,SYNTHETIC_ACCT_0094,2023-12-03,4363.94,REFUND,RETAIL,ATM,True
SYNTHETIC_TXN_000004,SYNTHETIC_ACCT_0067,2023-02-14,5384.52,REFUND,HEALTHCARE,ATM,False
SYNTHETIC_TXN_000005,SYNTHETIC_ACCT_0043,2023-07-31,6633.87,TRANSFER,TRAVEL,MOBILE,False
SYNTHETIC_TXN_000006,SYNTHETIC_ACCT_0071,2024-07-06,4204.46,TRANSFER,HEALTHCARE,MOBILE,False
SYNTHETIC_TXN_000007,SYNTHETIC_ACCT_0037,2023-09-12,7857.58,FEE,TRAVEL,MOBILE,False
SYNTHETIC_TXN_000008,SYNTHETIC_ACCT_0095,2023-04-07,847.96,TRANSFER,HEALTHCARE,ONLINE,False
SYNTHETIC_TXN_000009,SYNTHETIC_ACCT_0087,2024-04-25,8065.62,FEE,RETAIL,ONLINE,False
SYNTHETIC_TXN_000010,SYNTHETIC_ACCT_0074,2024-08-02,6963.54,PURCHASE,GROCERY,ONLINE,False
SYNTHETIC_TXN_000011,SYNTHETIC_ACCT_0090,2023-09-21,502.19,REFUND,RETAIL,MOBILE,False
SYNTHETIC_TXN_000012,SYNTHETIC_ACCT_0077,2023-08-03,7552.5,FEE,HEALTHCARE,MOBILE,False
SYNTHETIC_TXN_000013,SYNTHETIC_ACCT_0061,2023-07-17,7517.76,FEE,TRAVEL,BRANCH,False
SYNTHETIC_TXN_000014,SYNTHETIC_ACCT_0037,2024-08-12,3358.48,REFUND,RETAIL,BRANCH,False
SYNTHETIC_TXN_000015,SYNTHETIC_ACCT_0028,2024-10-29,4076.0,REFUND,DINING,MOBILE,False
SYNTHETIC_TXN_000016,SYNTHETIC_ACCT_0090,2024-12-25,8806.56,TRANSFER,DINING,ATM,False
SYNTHETIC_TXN_000017,SYNTHETIC_ACCT_0054,2023-08-20,7346.34,REFUND,GROCERY,ATM,False
SYNTHETIC_TXN_000018,SYNTHETIC_ACCT_0044,2024-08-23,7981.42,PURCHASE,DINING,MOBILE,False
SYNTHETIC_TXN_000019,SYNTHETIC_ACCT_0011,2024-04-09,1357.0,FEE,RETAIL,ATM,False
SYNTHETIC_TXN_000020,SYNTHETIC_ACCT_0098,2024-04-17,2782.57,PURCHASE,DINING,MOBILE,True
SYNTHETIC_TXN_000021,SYNTHETIC_ACCT_0045,2024-11-30,686.19,REFUND,RETAIL,BRANCH,False
SYNTHETIC_TXN_000022,SYNTHETIC_ACCT_0031,2023-09-12,6694.59,TRANSFER,GROCERY,ATM,False
SYNTHETIC_TXN_000023,SYNTHETIC_ACCT_0096,2024-09-12,7777.91,PURCHASE,TRAVEL,ATM,False
SYNTHETIC_TXN_000024,SYNTHETIC_ACCT_0049,2023-03-30,7150.14,REFUND,HEALTHCARE,ONLINE,False
SYNTHETIC_TXN_000025,SYNTHETIC_ACCT_0088,2024-01-11,1210.56,FEE,RETAIL,ATM,False
SYNTHETIC_TXN_000026,SYNTHETIC_ACCT_0002,2023-03-22,8223.3,FEE,TRAVEL,BRANCH,False
SYNTHETIC_TXN_000027,SYNTHETIC_ACCT_0084,2023-09-12,8081.99,FEE,DINING,ATM,False
SYNTHETIC_TXN_000028,SYNTHETIC_ACCT_0012,2023-04-17,4508.02,FEE,UTILITIES,ATM,True
SYNTHETIC_TXN_000029,SYNTHETIC_ACCT_0024,2023-05-01,3548.25,TRANSFER,TRAVEL,ONLINE,False
SYNTHETIC_TXN_000030,SYNTHETIC_ACCT_0031,2023-09-01,4885.78,FEE,HEALTHCARE,MOBILE,False
SYNTHETIC_TXN_000031,SYNTHETIC_ACCT_0029,2023-09-04,2433.06,TRANSFER,TRAVEL,MOBILE,False
SYNTHETIC_TXN_000032,SYNTHETIC_ACCT_0046,2024-06-17,2709.17,TRANSFER,RETAIL,ONLINE,False
SYNTHETIC_TXN_000033,SYNTHETIC_ACCT_0089,2023-05-08,2163.85,TRANSFER,HEALTHCARE,ONLINE,False
SYNTHETIC_TXN_000034,SYNTHETIC_ACCT_0047,2024-11-15,141.49,PURCHASE,TRAVEL,ATM,False
SYNTHETIC_TXN_000035,SYNTHETIC_ACCT_0097,2023-08-29,8727.19,FEE,DINING,ATM,False
SYNTHETIC_TXN_000036,SYNTHETIC_ACCT_0062,2023-03-28,653.44,PURCHASE,UTILITIES,BRANCH,False
SYNTHETIC_TXN_000037,SYNTHETIC_ACCT_0039,2023-04-21,2481.91,REFUND,DINING,MOBILE,False
SYNTHETIC_TXN_000038,SYNTHETIC_ACCT_0076,2024-09-21,3053.81,REFUND,UTILITIES,BRANCH,False
SYNTHETIC_TXN_000039,SYNTHETIC_ACCT_0031,2023-01-26,750.66,FEE,DINING,ATM,True
SYNTHETIC_TXN_000040,SYNTHETIC_ACCT_0037,2023-04-01,4540.31,REFUND,TRAVEL,MOBILE,False
SYNTHETIC_TXN_000041,SYNTHETIC_ACCT_0020,2024-02-21,8266.31,TRANSFER,GROCERY,MOBILE,False
SYNTHETIC_TXN_000042,SYNTHETIC_ACCT_0090,2024-10-10,2722.47,PURCHASE,DINING,MOBILE,False
SYNTHETIC_TXN_000043,SYNTHETIC_ACCT_0004,2023-05-10,9619.1,PURCHASE,UTILITIES,ATM,False
SYNTHETIC_TXN_000044,SYNTHETIC_ACCT_0023,2023-05-12,6515.09,FEE,GROCERY,MOBILE,False
SYNTHETIC_TXN_000045,SYNTHETIC_ACCT_0053,2023-11-06,6701.33,FEE,TRAVEL,ATM,False
SYNTHETIC_TXN_000046,SYNTHETIC_ACCT_0098,2024-09-04,4548.26,FEE,TRAVEL,ONLINE,False
SYNTHETIC_TXN_000047,SYNTHETIC_ACCT_0053,2023-04-01,5184.39,FEE,DINING,ONLINE,False
SYNTHETIC_TXN_000048,SYNTHETIC_ACCT_0037,2023-04-18,6982.5,REFUND,HEALTHCARE,BRANCH,False
SYNTHETIC_TXN_000049,SYNTHETIC_ACCT_0053,2024-09-02,9922.56,REFUND,DINING,MOBILE,False
SYNTHETIC_TXN_000050,SYNTHETIC_ACCT_0091,2023-09-21,8347.23,REFUND,GROCERY,MOBILE,False
SYNTHETIC_TXN_000051,SYNTHETIC_ACCT_0096,2024-01-18,8640.26,TRANSFER,DINING,ONLINE,False
SYNTHETIC_TXN_000052,SYNTHETIC_ACCT_0076,2023-06-29,6599.4,FEE,DINING,ATM,False
SYNTHETIC_TXN_000053,SYNTHETIC_ACCT_0049,2024-05-01,3217.78,FEE,HEALTHCARE,BRANCH,False
SYNTHETIC_TXN_000054,SYNTHETIC_ACCT_0041,2023-02-21,7052.27,REFUND,DINING,MOBILE,False
SYNTHETIC_TXN_000055,SYNTHETIC_ACCT_0076,2023-07-12,1003.65,FEE,RETAIL,ONLINE,False
SYNTHETIC_TXN_000056,SYNTHETIC_ACCT_0084,2024-01-20,748.29,FEE,TRAVEL,ONLINE,False
SYNTHETIC_TXN_000057,SYNTHETIC_ACCT_0069,2023-06-26,3166.62,PURCHASE,DINING,ONLINE,False
SYNTHETIC_TXN_000058,SYNTHETIC_ACCT_0037,2023-03-24,7467.66,PURCHASE,RETAIL,MOBILE,False
SYNTHETIC_TXN_000059,SYNTHETIC_ACCT_0004,2023-10-17,7961.43,REFUND,TRAVEL,BRANCH,False
SYNTHETIC_TXN_000060,SYNTHETIC_ACCT_0024,2023-02-01,789.69,REFUND,UTILITIES,MOBILE,False
SYNTHETIC_TXN_000061,SYNTHETIC_ACCT_0060,2024-03-12,4595.71,REFUND,DINING,ONLINE,False
SYNTHETIC_TXN_000062,SYNTHETIC_ACCT_0076,2024-02-26,9620.28,REFUND,DINING,MOBILE,False
SYNTHETIC_TXN_000063,SYNTHETIC_ACCT_0049,2024-12-09,5748.12,FEE,TRAVEL,ATM,True
SYNTHETIC_TXN_000064,SYNTHETIC_ACCT_0100,2024-03-13,490.45,REFUND,DINING,ATM,False
SYNTHETIC_TXN_000065,SYNTHETIC_ACCT_0033,2023-03-29,7209.28,PURCHASE,GROCERY,ONLINE,False
SYNTHETIC_TXN_000066,SYNTHETIC_ACCT_0075,2023-11-02,1314.13,REFUND,TRAVEL,BRANCH,False
SYNTHETIC_TXN_000067,SYNTHETIC_ACCT_0047,2023-08-26,9134.86,TRANSFER,TRAVEL,ATM,False
SYNTHETIC_TXN_000068,SYNTHETIC_ACCT_0010,2023-02-10,9664.99,FEE,HEALTHCARE,ATM,False
SYNTHETIC_TXN_000069,SYNTHETIC_ACCT_0034,2024-04-07,4547.86,FEE,HEALTHCARE,ATM,False
SYNTHETIC_TXN_000070,SYNTHETIC_ACCT_0004,2024-05-19,9431.68,PURCHASE,UTILITIES,MOBILE,False
SYNTHETIC_TXN_000071,SYNTHETIC_ACCT_0053,2024-09-04,453.48,PURCHASE,DINING,BRANCH,False
SYNTHETIC_TXN_000072,SYNTHETIC_ACCT_0059,2023-10-29,9493.8,REFUND,UTILITIES,MOBILE,False
SYNTHETIC_TXN_000073,SYNTHETIC_ACCT_0079,2024-05-23,9515.21,FEE,TRAVEL,MOBILE,False
SYNTHETIC_TXN_000074,SYNTHETIC_ACCT_0013,2023-12-30,3673.35,PURCHASE,HEALTHCARE,MOBILE,False
SYNTHETIC_TXN_000075,SYNTHETIC_ACCT_0059,2024-11-10,2121.06,TRANSFER,RETAIL,BRANCH,False
SYNTHETIC_TXN_000076,SYNTHETIC_ACCT_0027,2024-05-07,7651.57,TRANSFER,GROCERY,BRANCH,False
SYNTHETIC_TXN_000077,SYNTHETIC_ACCT_0036,2024-07-06,1446.89,PURCHASE,TRAVEL,ONLINE,False
SYNTHETIC_TXN_000078,SYNTHETIC_ACCT_0031,2023-10-27,157.82,PURCHASE,GROCERY,ONLINE,False
SYNTHETIC_TXN_000079,SYNTHETIC_ACCT_0066,2024-11-17,4520.06,TRANSFER,UTILITIES,MOBILE,False
SYNTHETIC_TXN_000080,SYNTHETIC_ACCT_0062,2023-10-04,4262.74,PURCHASE,HEALTHCARE,ONLINE,False
SYNTHETIC_TXN_000081,SYNTHETIC_ACCT_0017,2023-12-07,6330.76,TRANSFER,TRAVEL,MOBILE,False
SYNTHETIC_TXN_000082,SYNTHETIC_ACCT_0090,2024-05-25,6547.13,FEE,UTILITIES,MOBILE,False
SYNTHETIC_TXN_000083,SYNTHETIC_ACCT_0059,2023-02-19,7296.12,TRANSFER,TRAVEL,ATM,False
SYNTHETIC_TXN_000084,SYNTHETIC_ACCT_0061,2023-12-16,8317.71,REFUND,RETAIL,ONLINE,False
SYNTHETIC_TXN_000085,SYNTHETIC_ACCT_0043,2024-11-09,4108.09,TRANSFER,DINING,ATM,False
SYNTHETIC_TXN_000086,SYNTHETIC_ACCT_0028,2023-06-11,4821.89,TRANSFER,TRAVEL,ONLINE,False
SYNTHETIC_TXN_000087,SYNTHETIC_ACCT_0055,2023-02-09,9745.46,PURCHASE,UTILITIES,ATM,True
SYNTHETIC_TXN_000088,SYNTHETIC_ACCT_0098,2023-06-01,3398.25,FEE,GROCERY,ONLINE,False
SYNTHETIC_TXN_000089,SYNTHETIC_ACCT_0004,2024-01-17,5304.83,REFUND,DINING,ATM,False
SYNTHETIC_TXN_000090,SYNTHETIC_ACCT_0073,2024-11-11,8833.41,PURCHASE,UTILITIES,ATM,False
SYNTHETIC_TXN_000091,SYNTHETIC_ACCT_0078,2024-01-13,2731.67,FEE,RETAIL,ONLINE,False
SYNTHETIC_TXN_000092,SYNTHETIC_ACCT_0063,2024-11-05,3084.2,PURCHASE,UTILITIES,BRANCH,False
SYNTHETIC_TXN_000093,SYNTHETIC_ACCT_0018,2023-10-18,2894.48,REFUND,DINING,BRANCH,False
SYNTHETIC_TXN_000094,SYNTHETIC_ACCT_0065,2024-11-18,6680.48,FEE,DINING,ONLINE,False
SYNTHETIC_TXN_000095,SYNTHETIC_ACCT_0041,2024-03-10,5734.0,PURCHASE,DINING,MOBILE,True
SYNTHETIC_TXN_000096,SYNTHETIC_ACCT_0080,2024-09-14,6896.1,REFUND,DINING,MOBILE,False
SYNTHETIC_TXN_000097,SYNTHETIC_ACCT_0051,2024-10-14,7458.04,PURCHASE,GROCERY,BRANCH,False
SYNTHETIC_TXN_000098,SYNTHETIC_ACCT_0094,2024-08-04,6454.43,TRANSFER,RETAIL,BRANCH,False
SYNTHETIC_TXN_000099,SYNTHETIC_ACCT_0098,2023-09-13,1771.47,FEE,DINING,ATM,False
SYNTHETIC_TXN_000100,SYNTHETIC_ACCT_0020,2023-05-06,4689.21,PURCHASE,TRAVEL,ATM,False
SYNTHETIC_TXN_000101,SYNTHETIC_ACCT_0058,2024-09-30,3687.38,FEE,HEALTHCARE,MOBILE,False
SYNTHETIC_TXN_000102,SYNTHETIC_ACCT_0095,2024-06-22,4497.34,TRANSFER,HEALTHCARE,MOBILE,False
SYNTHETIC_TXN_000103,SYNTHETIC_ACCT_0058,2024-10-06,8991.26,REFUND,HEALTHCARE,ONLINE,False
SYNTHETIC_TXN_000104,SYNTHETIC_ACCT_0057,2023-12-01,6098.05,FEE,TRAVEL,ATM,False
SYNTHETIC_TXN_000105,SYNTHETIC_ACCT_0081,2023-12-02,659.13,TRANSFER,HEALTHCARE,ATM,False
SYNTHETIC_TXN_000106,SYNTHETIC_ACCT_0078,2024-01-08,3333.62,TRANSFER,GROCERY,MOBILE,False
SYNTHETIC_TXN_000107,SYNTHETIC_ACCT_0011,2023-02-14,3766.8,PURCHASE,GROCERY,MOBILE,False
SYNTHETIC_TXN_000108,SYNTHETIC_ACCT_0040,2024-06-18,2141.93,REFUND,DINING,BRANCH,False
SYNTHETIC_TXN_000109,SYNTHETIC_ACCT_0013,2024-11-23,5397.71,TRANSFER,UTILITIES,BRANCH,False
SYNTHETIC_TXN_000110,SYNTHETIC_ACCT_0024,2023-10-10,7710.97,PURCHASE,GROCERY,MOBILE,False
SYNTHETIC_TXN_000111,SYNTHETIC_ACCT_0057,2023-07-04,7523.91,REFUND,GROCERY,ATM,False
SYNTHETIC_TXN_000112,SYNTHETIC_ACCT_0025,2024-03-18,9471.29,FEE,DINING,MOBILE,False
SYNTHETIC_TXN_000113,SYNTHETIC_ACCT_0078,2023-06-13,2500.04,PURCHASE,TRAVEL,ONLINE,False
SYNTHETIC_TXN_000114,SYNTHETIC_ACCT_0035,2024-05-18,5133.53,FEE,RETAIL,ATM,False
SYNTHETIC_TXN_000115,SYNTHETIC_ACCT_0051,2024-05-16,2357.79,PURCHASE,TRAVEL,ATM,False
SYNTHETIC_TXN_000116,SYNTHETIC_ACCT_0084,2023-01-19,1460.5,REFUND,DINING,MOBILE,False
SYNTHETIC_TXN_000117,SYNTHETIC_ACCT_0011,2023-04-18,2156.55,FEE,HEALTHCARE,ONLINE,False
SYNTHETIC_TXN_000118,SYNTHETIC_ACCT_0016,2024-10-28,4198.26,PURCHASE,DINING,MOBILE,False
SYNTHETIC_TXN_000119,SYNTHETIC_ACCT_0066,2023-04-12,7185.44,TRANSFER,RETAIL,BRANCH,False
SYNTHETIC_TXN_000120,SYNTHETIC_ACCT_0086,2023-06-23,9746.54,PURCHASE,UTILITIES,MOBILE,False
SYNTHETIC_TXN_000121,SYNTHETIC_ACCT_0050,2024-01-13,2536.51,REFUND,RETAIL,ONLINE,False
SYNTHETIC_TXN_000122,SYNTHETIC_ACCT_0043,2024-07-05,3522.99,FEE,HEALTHCARE,MOBILE,False
SYNTHETIC_TXN_000123,SYNTHETIC_ACCT_0009,2024-11-17,9436.04,REFUND,GROCERY,ONLINE,False
SYNTHETIC_TXN_000124,SYNTHETIC_ACCT_0051,2024-06-19,5430.31,TRANSFER,HEALTHCARE,ATM,False
SYNTHETIC_TXN_000125,SYNTHETIC_ACCT_0084,2023-10-08,1244.76,FEE,DINING,ATM,False
SYNTHETIC_TXN_000126,SYNTHETIC_ACCT_0064,2023-10-24,7972.9,PURCHASE,RETAIL,MOBILE,False
SYNTHETIC_TXN_000127,SYNTHETIC_ACCT_0070,2024-02-22,1025.99,FEE,TRAVEL,MOBILE,False
SYNTHETIC_TXN_000128,SYNTHETIC_ACCT_0058,2024-03-25,8700.36,PURCHASE,DINING,ONLINE,False
SYNTHETIC_TXN_000129,SYNTHETIC_ACCT_0066,2023-04-19,6794.1,FEE,GROCERY,ONLINE,False
SYNTHETIC_TXN_000130,SYNTHETIC_ACCT_0083,2024-07-27,3828.55,FEE,UTILITIES,ATM,False
SYNTHETIC_TXN_000131,SYNTHETIC_ACCT_0074,2024-04-20,3669.5,PURCHASE,TRAVEL,ONLINE,False
SYNTHETIC_TXN_000132,SYNTHETIC_ACCT_0050,2023-10-02,1177.62,REFUND,HEALTHCARE,ATM,False
SYNTHETIC_TXN_000133,SYNTHETIC_ACCT_0026,2023-10-03,8528.26,PURCHASE,HEALTHCARE,ATM,False
SYNTHETIC_TXN_000134,SYNTHETIC_ACCT_0071,2023-01-05,8913.31,REFUND,HEALTHCARE,ATM,False
SYNTHETIC_TXN_000135,SYNTHETIC_ACCT_0026,2023-06-13,2367.37,TRANSFER,TRAVEL,MOBILE,False
SYNTHETIC_TXN_000136,SYNTHETIC_ACCT_0079,2023-08-29,657.49,FEE,HEALTHCARE,MOBILE,False
SYNTHETIC_TXN_000137,SYNTHETIC_ACCT_0041,2024-08-22,4499.75,REFUND,TRAVEL,BRANCH,False
SYNTHETIC_TXN_000138,SYNTHETIC_ACCT_0008,2024-02-05,5181.02,REFUND,GROCERY,ATM,False
SYNTHETIC_TXN_000139,SYNTHETIC_ACCT_0037,2024-03-25,2506.06,REFUND,UTILITIES,ATM,False
SYNTHETIC_TXN_000140,SYNTHETIC_ACCT_0083,2023-04-02,9416.06,TRANSFER,HEALTHCARE,ONLINE,False
SYNTHETIC_TXN_000141,SYNTHETIC_ACCT_0006,2023-05-26,7710.22,FEE,GROCERY,ONLINE,False
SYNTHETIC_TXN_000142,SYNTHETIC_ACCT_0038,2023-11-12,3020.95,TRANSFER,HEALTHCARE,MOBILE,False
SYNTHETIC_TXN_000143,SYNTHETIC_ACCT_0057,2024-02-15,4644.42,TRANSFER,GROCERY,ATM,False
SYNTHETIC_TXN_000144,SYNTHETIC_ACCT_0048,2024-04-02,1061.85,FEE,RETAIL,BRANCH,False
SYNTHETIC_TXN_000145,SYNTHETIC_ACCT_0050,2024-01-31,4181.35,TRANSFER,GROCERY,BRANCH,False
SYNTHETIC_TXN_000146,SYNTHETIC_ACCT_0066,2023-11-25,8790.75,FEE,RETAIL,BRANCH,False
SYNTHETIC_TXN_000147,SYNTHETIC_ACCT_0007,2023-09-07,5975.19,TRANSFER,HEALTHCARE,ONLINE,False
SYNTHETIC_TXN_000148,SYNTHETIC_ACCT_0034,2024-11-09,7638.56,REFUND,DINING,ATM,False
SYNTHETIC_TXN_000149,SYNTHETIC_ACCT_0065,2023-02-04,5498.57,PURCHASE,UTILITIES,BRANCH,False
SYNTHETIC_TXN_000150,SYNTHETIC_ACCT_0044,2023-07-29,3656.07,FEE,UTILITIES,ONLINE,True
SYNTHETIC_TXN_000151,SYNTHETIC_ACCT_0043,2024-08-10,5193.33,TRANSFER,UTILITIES,ATM,False
SYNTHETIC_TXN_000152,SYNTHETIC_ACCT_0095,2023-07-05,5937.24,FEE,UTILITIES,ATM,False
SYNTHETIC_TXN_000153,SYNTHETIC_ACCT_0043,2023-01-27,9798.97,PURCHASE,HEALTHCARE,MOBILE,False
SYNTHETIC_TXN_000154,SYNTHETIC_ACCT_0100,2024-07-10,2275.44,FEE,DINING,BRANCH,False
SYNTHETIC_TXN_000155,SYNTHETIC_ACCT_0074,2023-10-30,1098.96,REFUND,TRAVEL,MOBILE,False
SYNTHETIC_TXN_000156,SYNTHETIC_ACCT_0100,2024-10-29,4716.06,REFUND,HEALTHCARE,BRANCH,False
SYNTHETIC_TXN_000157,SYNTHETIC_ACCT_0062,2024-01-16,3137.53,TRANSFER,UTILITIES,ATM,False
SYNTHETIC_TXN_000158,SYNTHETIC_ACCT_0032,2024-03-11,2985.0,REFUND,TRAVEL,MOBILE,False
SYNTHETIC_TXN_000159,SYNTHETIC_ACCT_0093,2023-11-23,1218.75,TRANSFER,DINING,BRANCH,False
SYNTHETIC_TXN_000160,SYNTHETIC_ACCT_0092,2023-08-29,9240.09,REFUND,HEALTHCARE,BRANCH,False
SYNTHETIC_TXN_000161,SYNTHETIC_ACCT_0072,2024-04-30,1372.74,REFUND,UTILITIES,ONLINE,False
SYNTHETIC_TXN_000162,SYNTHETIC_ACCT_0082,2024-09-20,1001.99,REFUND,DINING,ONLINE,False
SYNTHETIC_TXN_000163,SYNTHETIC_ACCT_0021,2023-03-06,9350.31,REFUND,DINING,ATM,False
SYNTHETIC_TXN_000164,SYNTHETIC_ACCT_0099,2024-11-23,5741.33,REFUND,HEALTHCARE,MOBILE,False
SYNTHETIC_TXN_000165,SYNTHETIC_ACCT_0005,2024-03-10,3969.95,PURCHASE,HEALTHCARE,ONLINE,False
SYNTHETIC_TXN_000166,SYNTHETIC_ACCT_0043,2024-08-16,9890.98,FEE,DINING,ATM,False
SYNTHETIC_TXN_000167,SYNTHETIC_ACCT_0021,2024-01-21,6482.85,TRANSFER,RETAIL,BRANCH,False
SYNTHETIC_TXN_000168,SYNTHETIC_ACCT_0052,2024-09-25,5152.81,REFUND,HEALTHCARE,BRANCH,False
SYNTHETIC_TXN_000169,SYNTHETIC_ACCT_0001,2024-02-26,2355.22,PURCHASE,TRAVEL,ATM,False
SYNTHETIC_TXN_000170,SYNTHETIC_ACCT_0008,2023-08-05,4653.95,TRANSFER,HEALTHCARE,ONLINE,False
SYNTHETIC_TXN_000171,SYNTHETIC_ACCT_0048,2023-09-23,2191.29,TRANSFER,GROCERY,MOBILE,False
SYNTHETIC_TXN_000172,SYNTHETIC_ACCT_0097,2023-02-04,6640.94,PURCHASE,GROCERY,MOBILE,False
SYNTHETIC_TXN_000173,SYNTHETIC_ACCT_0073,2023-05-25,8287.73,REFUND,GROCERY,BRANCH,False
SYNTHETIC_TXN_000174,SYNTHETIC_ACCT_0015,2023-10-02,7169.18,PURCHASE,UTILITIES,MOBILE,False
SYNTHETIC_TXN_000175,SYNTHETIC_ACCT_0073,2024-12-09,4623.78,FEE,HEALTHCARE,ATM,False
SYNTHETIC_TXN_000176,SYNTHETIC_ACCT_0075,2024-10-31,4236.98,PURCHASE,UTILITIES,MOBILE,True
SYNTHETIC_TXN_000177,SYNTHETIC_ACCT_0099,2023-12-14,6415.25,FEE,DINING,MOBILE,False
SYNTHETIC_TXN_000178,SYNTHETIC_ACCT_0049,2023-03-03,9641.43,TRANSFER,GROCERY,ONLINE,False
SYNTHETIC_TXN_000179,SYNTHETIC_ACCT_0068,2024-03-01,9787.23,FEE,RETAIL,MOBILE,False
SYNTHETIC_TXN_000180,SYNTHETIC_ACCT_0032,2024-09-07,1551.22,PURCHASE,HEALTHCARE,MOBILE,False
SYNTHETIC_TXN_000181,SYNTHETIC_ACCT_0003,2023-04-29,672.92,PURCHASE,DINING,BRANCH,False
SYNTHETIC_TXN_000182,SYNTHETIC_ACCT_0030,2023-08-04,7543.85,TRANSFER,GROCERY,BRANCH,False
SYNTHETIC_TXN_000183,SYNTHETIC_ACCT_0041,2024-02-26,7725.38,REFUND,GROCERY,BRANCH,False
SYNTHETIC_TXN_000184,SYNTHETIC_ACCT_0072,2023-02-05,8797.13,FEE,HEALTHCARE,MOBILE,True
SYNTHETIC_TXN_000185,SYNTHETIC_ACCT_0083,2023-11-09,7858.04,REFUND,DINING,ATM,False
SYNTHETIC_TXN_000186,SYNTHETIC_ACCT_0061,2023-09-14,2253.45,PURCHASE,GROCERY,MOBILE,False
SYNTHETIC_TXN_000187,SYNTHETIC_ACCT_0018,2023-09-28,2549.96,TRANSFER,RETAIL,ONLINE,False
SYNTHETIC_TXN_000188,SYNTHETIC_ACCT_0007,2024-06-22,6736.72,REFUND,RETAIL,MOBILE,False
SYNTHETIC_TXN_000189,SYNTHETIC_ACCT_0039,2024-09-02,153.35,FEE,HEALTHCARE,BRANCH,False
SYNTHETIC_TXN_000190,SYNTHETIC_ACCT_0051,2023-09-11,5520.79,TRANSFER,DINING,ATM,False
SYNTHETIC_TXN_000191,SYNTHETIC_ACCT_0064,2024-06-06,8028.16,TRANSFER,TRAVEL,ATM,False
SYNTHETIC_TXN_000192,SYNTHETIC_ACCT_0029,2023-05-18,162.21,FEE,UTILITIES,ATM,False
SYNTHETIC_TXN_000193,SYNTHETIC_ACCT_0049,2024-01-21,2457.31,TRANSFER,HEALTHCARE,MOBILE,False
SYNTHETIC_TXN_000194,SYNTHETIC_ACCT_0063,2023-06-21,7327.72,FEE,GROCERY,BRANCH,False
SYNTHETIC_TXN_000195,SYNTHETIC_ACCT_0083,2023-02-16,5239.44,PURCHASE,RETAIL,ONLINE,False
SYNTHETIC_TXN_000196,SYNTHETIC_ACCT_0030,2023-12-15,1510.3,PURCHASE,DINING,MOBILE,False
SYNTHETIC_TXN_000197,SYNTHETIC_ACCT_0069,2023-07-02,118.52,TRANSFER,TRAVEL,ONLINE,False
SYNTHETIC_TXN_000198,SYNTHETIC_ACCT_0056,2023-07-14,9097.73,REFUND,RETAIL,BRANCH,False
SYNTHETIC_TXN_000199,SYNTHETIC_ACCT_0046,2023-09-18,3968.97,REFUND,DINING,BRANCH,False
SYNTHETIC_TXN_000200,SYNTHETIC_ACCT_0011,2023-11-12,8582.18,FEE,RETAIL,MOBILE,False
SYNTHETIC_TXN_000201,SYNTHETIC_ACCT_0002,2024-01-27,826.87,PURCHASE,HEALTHCARE,ONLINE,False
SYNTHETIC_TXN_000202,SYNTHETIC_ACCT_0089,2023-01-31,4755.0,TRANSFER,RETAIL,ONLINE,False
SYNTHETIC_TXN_000203,SYNTHETIC_ACCT_0003,2023-11-20,5870.36,PURCHASE,HEALTHCARE,ATM,False
SYNTHETIC_TXN_000204,SYNTHETIC_ACCT_0050,2024-08-10,5405.62,PURCHASE,HEALTHCARE,ATM,False
SYNTHETIC_TXN_000205,SYNTHETIC_ACCT_0010,2024-02-01,7690.05,PURCHASE,DINING,ATM,False
SYNTHETIC_TXN_000206,SYNTHETIC_ACCT_0030,2023-05-12,9411.42,FEE,HEALTHCARE,ONLINE,False
SYNTHETIC_TXN_000207,SYNTHETIC_ACCT_0032,2023-03-23,820.39,REFUND,HEALTHCARE,MOBILE,False
SYNTHETIC_TXN_000208,SYNTHETIC_ACCT_0001,2024-08-18,4447.36,PURCHASE,RETAIL,BRANCH,False
SYNTHETIC_TXN_000209,SYNTHETIC_ACCT_0066,2023-04-30,262.63,TRANSFER,RETAIL,MOBILE,True
SYNTHETIC_TXN_000210,SYNTHETIC_ACCT_0100,2023-05-26,9011.35,REFUND,GROCERY,MOBILE,False
SYNTHETIC_TXN_000211,SYNTHETIC_ACCT_0035,2024-02-29,632.68,FEE,DINING,ONLINE,False
SYNTHETIC_TXN_000212,SYNTHETIC_ACCT_0093,2024-08-15,5938.06,TRANSFER,RETAIL,ONLINE,False
SYNTHETIC_TXN_000213,SYNTHETIC_ACCT_0080,2023-03-06,8621.98,REFUND,DINING,ATM,False
SYNTHETIC_TXN_000214,SYNTHETIC_ACCT_0026,2024-03-08,1776.38,FEE,TRAVEL,BRANCH,False
SYNTHETIC_TXN_000215,SYNTHETIC_ACCT_0051,2024-06-30,9320.66,PURCHASE,UTILITIES,MOBILE,False
SYNTHETIC_TXN_000216,SYNTHETIC_ACCT_0038,2023-02-11,691.6,FEE,DINING,BRANCH,False
SYNTHETIC_TXN_000217,SYNTHETIC_ACCT_0085,2023-04-29,4231.28,FEE,DINING,MOBILE,False
SYNTHETIC_TXN_000218,SYNTHETIC_ACCT_0089,2023-07-01,367.66,PURCHASE,HEALTHCARE,ONLINE,False
SYNTHETIC_TXN_000219,SYNTHETIC_ACCT_0046,2023-02-07,6126.78,FEE,HEALTHCARE,ATM,False
SYNTHETIC_TXN_000220,SYNTHETIC_ACCT_0002,2023-05-17,2220.02,REFUND,UTILITIES,MOBILE,False
SYNTHETIC_TXN_000221,SYNTHETIC_ACCT_0087,2023-08-25,5004.66,PURCHASE,RETAIL,ATM,False
SYNTHETIC_TXN_000222,SYNTHETIC_ACCT_0015,2023-09-22,7301.5,REFUND,TRAVEL,MOBILE,False
SYNTHETIC_TXN_000223,SYNTHETIC_ACCT_0093,2024-09-05,3189.1,PURCHASE,HEALTHCARE,ATM,False
SYNTHETIC_TXN_000224,SYNTHETIC_ACCT_0022,2024-07-21,7404.89,TRANSFER,UTILITIES,MOBILE,False
SYNTHETIC_TXN_000225,SYNTHETIC_ACCT_0052,2024-12-02,1863.88,REFUND,DINING,MOBILE,False
SYNTHETIC_TXN_000226,SYNTHETIC_ACCT_0091,2023-05-20,2783.45,PURCHASE,RETAIL,BRANCH,False
SYNTHETIC_TXN_000227,SYNTHETIC_ACCT_0015,2024-02-15,8626.36,FEE,HEALTHCARE,MOBILE,False
SYNTHETIC_TXN_000228,SYNTHETIC_ACCT_0059,2023-04-12,8137.38,PURCHASE,TRAVEL,BRANCH,False
SYNTHETIC_TXN_000229,SYNTHETIC_ACCT_0015,2023-05-01,6934.36,REFUND,DINING,MOBILE,False
SYNTHETIC_TXN_000230,SYNTHETIC_ACCT_0069,2024-07-14,6452.6,FEE,UTILITIES,ATM,False
SYNTHETIC_TXN_000231,SYNTHETIC_ACCT_0058,2024-08-14,8655.21,REFUND,DINING,MOBILE,False
SYNTHETIC_TXN_000232,SYNTHETIC_ACCT_0064,2023-08-19,4917.26,REFUND,DINING,ONLINE,False
SYNTHETIC_TXN_000233,SYNTHETIC_ACCT_0029,2023-09-20,2748.53,FEE,GROCERY,ONLINE,False
SYNTHETIC_TXN_000234,SYNTHETIC_ACCT_0070,2023-10-07,3668.62,REFUND,RETAIL,MOBILE,False
SYNTHETIC_TXN_000235,SYNTHETIC_ACCT_0097,2024-01-10,8748.09,PURCHASE,TRAVEL,MOBILE,False
SYNTHETIC_TXN_000236,SYNTHETIC_ACCT_0031,2023-04-17,7376.13,FEE,HEALTHCARE,BRANCH,False
SYNTHETIC_TXN_000237,SYNTHETIC_ACCT_0027,2023-06-29,5700.74,REFUND,UTILITIES,ATM,False
SYNTHETIC_TXN_000238,SYNTHETIC_ACCT_0074,2024-09-25,8580.16,REFUND,HEALTHCARE,MOBILE,False
SYNTHETIC_TXN_000239,SYNTHETIC_ACCT_0084,2024-02-06,8660.78,REFUND,HEALTHCARE,MOBILE,False
SYNTHETIC_TXN_000240,SYNTHETIC_ACCT_0035,2023-11-15,3751.73,TRANSFER,RETAIL,ATM,False
SYNTHETIC_TXN_000241,SYNTHETIC_ACCT_0075,2023-09-19,7741.35,TRANSFER,HEALTHCARE,ONLINE,False
SYNTHETIC_TXN_000242,SYNTHETIC_ACCT_0055,2024-01-21,4947.15,REFUND,TRAVEL,MOBILE,False
SYNTHETIC_TXN_000243,SYNTHETIC_ACCT_0098,2024-12-15,995.76,PURCHASE,DINING,BRANCH,False
SYNTHETIC_TXN_000244,SYNTHETIC_ACCT_0055,2024-02-26,6885.92,REFUND,HEALTHCARE,ATM,False
SYNTHETIC_TXN_000245,SYNTHETIC_ACCT_0011,2023-04-01,9037.99,TRANSFER,DINING,BRANCH,False
SYNTHETIC_TXN_000246,SYNTHETIC_ACCT_0013,2023-07-19,4768.07,FEE,GROCERY,ONLINE,True
SYNTHETIC_TXN_000247,SYNTHETIC_ACCT_0016,2024-05-11,4223.14,FEE,RETAIL,ONLINE,False
SYNTHETIC_TXN_000248,SYNTHETIC_ACCT_0041,2023-03-16,2992.56,REFUND,GROCERY,ONLINE,False
SYNTHETIC_TXN_000249,SYNTHETIC_ACCT_0084,2024-07-29,3511.88,FEE,HEALTHCARE,MOBILE,False
SYNTHETIC_TXN_000250,SYNTHETIC_ACCT_0013,2023-10-19,1231.58,TRANSFER,TRAVEL,BRANCH,False
SYNTHETIC_TXN_000251,SYNTHETIC_ACCT_0032,2024-12-04,6000.08,TRANSFER,HEALTHCARE,BRANCH,False
SYNTHETIC_TXN_000252,SYNTHETIC_ACCT_0096,2023-08-13,6461.69,FEE,GROCERY,ONLINE,False
SYNTHETIC_TXN_000253,SYNTHETIC_ACCT_0010,2024-08-18,9776.96,FEE,TRAVEL,MOBILE,False
SYNTHETIC_TXN_000254,SYNTHETIC_ACCT_0098,2024-10-23,9873.65,PURCHASE,UTILITIES,ATM,False
SYNTHETIC_TXN_000255,SYNTHETIC_ACCT_0051,2023-10-25,6285.7,FEE,DINING,ONLINE,False
SYNTHETIC_TXN_000256,SYNTHETIC_ACCT_0020,2024-07-25,3099.07,TRANSFER,GROCERY,MOBILE,False
SYNTHETIC_TXN_000257,SYNTHETIC_ACCT_0084,2024-05-01,661.16,PURCHASE,HEALTHCARE,BRANCH,False
SYNTHETIC_TXN_000258,SYNTHETIC_ACCT_0059,2024-07-05,550.3,PURCHASE,HEALTHCARE,ONLINE,False
SYNTHETIC_TXN_000259,SYNTHETIC_ACCT_0021,2024-04-10,3467.05,REFUND,HEALTHCARE,ATM,False
SYNTHETIC_TXN_000260,SYNTHETIC_ACCT_0035,2023-10-19,1180.57,TRANSFER,TRAVEL,ONLINE,False
SYNTHETIC_TXN_000261,SYNTHETIC_ACCT_0081,2023-05-31,4551.98,REFUND,DINING,ATM,False
SYNTHETIC_TXN_000262,SYNTHETIC_ACCT_0074,2024-11-16,1153.34,PURCHASE,RETAIL,BRANCH,True
SYNTHETIC_TXN_000263,SYNTHETIC_ACCT_0020,2023-03-01,9603.41,FEE,HEALTHCARE,BRANCH,False
SYNTHETIC_TXN_000264,SYNTHETIC_ACCT_0093,2023-08-05,8259.96,PURCHASE,RETAIL,BRANCH,False
SYNTHETIC_TXN_000265,SYNTHETIC_ACCT_0006,2024-02-17,689.27,TRANSFER,TRAVEL,ONLINE,False
SYNTHETIC_TXN_000266,SYNTHETIC_ACCT_0026,2023-09-13,7845.07,TRANSFER,GROCERY,MOBILE,False
SYNTHETIC_TXN_000267,SYNTHETIC_ACCT_0094,2023-11-08,7604.82,PURCHASE,RETAIL,BRANCH,False
SYNTHETIC_TXN_000268,SYNTHETIC_ACCT_0089,2023-12-12,9509.89,TRANSFER,HEALTHCARE,ONLINE,False
SYNTHETIC_TXN_000269,SYNTHETIC_ACCT_0054,2024-03-20,598.96,PURCHASE,HEALTHCARE,ONLINE,False
SYNTHETIC_TXN_000270,SYNTHETIC_ACCT_0067,2024-10-06,8955.77,PURCHASE,HEALTHCARE,BRANCH,False
SYNTHETIC_TXN_000271,SYNTHETIC_ACCT_0076,2024-03-08,4349.83,TRANSFER,GROCERY,ATM,False
SYNTHETIC_TXN_000272,SYNTHETIC_ACCT_0095,2024-08-14,4527.58,PURCHASE,GROCERY,BRANCH,False
SYNTHETIC_TXN_000273,SYNTHETIC_ACCT_0041,2023-09-26,5359.24,TRANSFER,GROCERY,MOBILE,False
SYNTHETIC_TXN_000274,SYNTHETIC_ACCT_0021,2024-11-20,3042.15,REFUND,UTILITIES,ATM,False
SYNTHETIC_TXN_000275,SYNTHETIC_ACCT_0046,2024-11-30,489.52,FEE,GROCERY,MOBILE,False
SYNTHETIC_TXN_000276,SYNTHETIC_ACCT_0013,2024-10-29,8038.96,REFUND,RETAIL,BRANCH,False
SYNTHETIC_TXN_000277,SYNTHETIC_ACCT_0088,2024-10-16,6446.85,PURCHASE,TRAVEL,ONLINE,False
SYNTHETIC_TXN_000278,SYNTHETIC_ACCT_0017,2024-11-18,8472.75,FEE,RETAIL,ONLINE,False
SYNTHETIC_TXN_000279,SYNTHETIC_ACCT_0093,2024-01-04,294.83,REFUND,GROCERY,BRANCH,False
SYNTHETIC_TXN_000280,SYNTHETIC_ACCT_0020,2023-08-09,6191.76,FEE,TRAVEL,MOBILE,False
SYNTHETIC_TXN_000281,SYNTHETIC_ACCT_0018,2023-03-27,6426.52,PURCHASE,GROCERY,MOBILE,False
SYNTHETIC_TXN_000282,SYNTHETIC_ACCT_0070,2023-11-30,3440.34,TRANSFER,TRAVEL,BRANCH,True
SYNTHETIC_TXN_000283,SYNTHETIC_ACCT_0004,2023-07-08,7785.38,TRANSFER,DINING,BRANCH,False
SYNTHETIC_TXN_000284,SYNTHETIC_ACCT_0085,2024-11-04,5336.89,REFUND,HEALTHCARE,MOBILE,False
SYNTHETIC_TXN_000285,SYNTHETIC_ACCT_0023,2023-12-30,5925.19,PURCHASE,HEALTHCARE,ATM,False
SYNTHETIC_TXN_000286,SYNTHETIC_ACCT_0073,2023-06-25,8366.96,TRANSFER,DINING,BRANCH,False
SYNTHETIC_TXN_000287,SYNTHETIC_ACCT_0030,2023-04-13,199.29,REFUND,TRAVEL,BRANCH,False
SYNTHETIC_TXN_000288,SYNTHETIC_ACCT_0042,2024-09-09,1477.13,TRANSFER,GROCERY,ONLINE,False
SYNTHETIC_TXN_000289,SYNTHETIC_ACCT_0051,2023-10-11,3365.61,FEE,GROCERY,ATM,False
SYNTHETIC_TXN_000290,SYNTHETIC_ACCT_0089,2023-05-08,6137.09,REFUND,HEALTHCARE,MOBILE,False
SYNTHETIC_TXN_000291,SYNTHETIC_ACCT_0017,2023-11-27,17.99,PURCHASE,UTILITIES,BRANCH,False
SYNTHETIC_TXN_000292,SYNTHETIC_ACCT_0079,2024-01-27,5655.5,PURCHASE,GROCERY,BRANCH,False
SYNTHETIC_TXN_000293,SYNTHETIC_ACCT_0082,2024-01-23,887.27,FEE,HEALTHCARE,ONLINE,False
SYNTHETIC_TXN_000294,SYNTHETIC_ACCT_0009,2023-12-02,7870.19,FEE,RETAIL,MOBILE,False
SYNTHETIC_TXN_000295,SYNTHETIC_ACCT_0064,2023-05-20,3512.31,REFUND,DINING,BRANCH,False
SYNTHETIC_TXN_000296,SYNTHETIC_ACCT_0005,2024-01-16,3187.17,REFUND,RETAIL,MOBILE,False
SYNTHETIC_TXN_000297,SYNTHETIC_ACCT_0012,2024-11-30,9852.75,FEE,HEALTHCARE,BRANCH,False
SYNTHETIC_TXN_000298,SYNTHETIC_ACCT_0007,2023-06-13,2055.51,TRANSFER,HEALTHCARE,ATM,False
SYNTHETIC_TXN_000299,SYNTHETIC_ACCT_0051,2024-12-28,8398.54,FEE,TRAVEL,ONLINE,False
SYNTHETIC_TXN_000300,SYNTHETIC_ACCT_0077,2024-03-08,969.88,PURCHASE,HEALTHCARE,MOBILE,False
SYNTHETIC_TXN_000301,SYNTHETIC_ACCT_0051,2023-06-23,8948.77,FEE,HEALTHCARE,BRANCH,False
SYNTHETIC_TXN_000302,SYNTHETIC_ACCT_0024,2024-03-31,2632.96,PURCHASE,GROCERY,BRANCH,False
SYNTHETIC_TXN_000303,SYNTHETIC_ACCT_0011,2024-05-13,8081.8,PURCHASE,UTILITIES,MOBILE,False
SYNTHETIC_TXN_000304,SYNTHETIC_ACCT_0069,2023-09-01,9363.61,TRANSFER,GROCERY,ONLINE,False
SYNTHETIC_TXN_000305,SYNTHETIC_ACCT_0005,2023-04-06,9004.54,REFUND,HEALTHCARE,ONLINE,False
SYNTHETIC_TXN_000306,SYNTHETIC_ACCT_0022,2024-10-12,8084.6,FEE,DINING,BRANCH,False
SYNTHETIC_TXN_000307,SYNTHETIC_ACCT_0077,2024-10-03,9108.04,FEE,RETAIL,MOBILE,False
SYNTHETIC_TXN_000308,SYNTHETIC_ACCT_0067,2023-05-10,8734.66,FEE,UTILITIES,ONLINE,False
SYNTHETIC_TXN_000309,SYNTHETIC_ACCT_0076,2023-06-04,9648.31,PURCHASE,RETAIL,ATM,False
SYNTHETIC_TXN_000310,SYNTHETIC_ACCT_0053,2024-11-23,6547.87,REFUND,DINING,ATM,False
SYNTHETIC_TXN_000311,SYNTHETIC_ACCT_0088,2023-01-24,387.83,REFUND,TRAVEL,ONLINE,False
SYNTHETIC_TXN_000312,SYNTHETIC_ACCT_0048,2023-08-16,8173.85,PURCHASE,TRAVEL,BRANCH,False
SYNTHETIC_TXN_000313,SYNTHETIC_ACCT_0057,2023-03-11,3208.69,PURCHASE,UTILITIES,BRANCH,False
SYNTHETIC_TXN_000314,SYNTHETIC_ACCT_0053,2023-07-23,7594.93,REFUND,RETAIL,ONLINE,False
SYNTHETIC_TXN_000315,SYNTHETIC_ACCT_0018,2024-06-17,5242.86,REFUND,GROCERY,ONLINE,False
SYNTHETIC_TXN_000316,SYNTHETIC_ACCT_0047,2023-11-21,2739.78,PURCHASE,UTILITIES,ONLINE,False
SYNTHETIC_TXN_000317,SYNTHETIC_ACCT_0058,2024-01-14,8704.8,REFUND,TRAVEL,ATM,False
SYNTHETIC_TXN_000318,SYNTHETIC_ACCT_0037,2024-05-19,496.52,REFUND,GROCERY,BRANCH,False
SYNTHETIC_TXN_000319,SYNTHETIC_ACCT_0003,2024-08-18,9671.37,REFUND,DINING,ONLINE,False
SYNTHETIC_TXN_000320,SYNTHETIC_ACCT_0040,2024-01-09,7093.68,FEE,DINING,ATM,False
SYNTHETIC_TXN_000321,SYNTHETIC_ACCT_0067,2023-02-22,3971.53,TRANSFER,UTILITIES,ATM,False
SYNTHETIC_TXN_000322,SYNTHETIC_ACCT_0009,2024-04-08,2764.84,TRANSFER,TRAVEL,BRANCH,False
SYNTHETIC_TXN_000323,SYNTHETIC_ACCT_0008,2024-02-08,8023.63,REFUND,HEALTHCARE,ONLINE,False
SYNTHETIC_TXN_000324,SYNTHETIC_ACCT_0034,2023-01-06,4045.99,REFUND,UTILITIES,ATM,False
SYNTHETIC_TXN_000325,SYNTHETIC_ACCT_0069,2023-07-31,4757.35,TRANSFER,TRAVEL,BRANCH,False
SYNTHETIC_TXN_000326,SYNTHETIC_ACCT_0024,2023-06-08,4707.81,REFUND,HEALTHCARE,ATM,False
SYNTHETIC_TXN_000327,SYNTHETIC_ACCT_0029,2023-12-17,3070.86,TRANSFER,TRAVEL,ATM,False
SYNTHETIC_TXN_000328,SYNTHETIC_ACCT_0007,2023-09-05,5835.74,REFUND,RETAIL,ONLINE,False
SYNTHETIC_TXN_000329,SYNTHETIC_ACCT_0039,2024-01-16,8708.48,FEE,GROCERY,MOBILE,False
SYNTHETIC_TXN_000330,SYNTHETIC_ACCT_0024,2024-02-15,4875.81,PURCHASE,GROCERY,ONLINE,False
SYNTHETIC_TXN_000331,SYNTHETIC_ACCT_0100,2024-08-21,7644.83,FEE,RETAIL,MOBILE,False
SYNTHETIC_TXN_000332,SYNTHETIC_ACCT_0050,2024-02-06,5337.83,REFUND,RETAIL,ONLINE,False
SYNTHETIC_TXN_000333,SYNTHETIC_ACCT_0032,2023-12-05,8769.84,TRANSFER,RETAIL,BRANCH,False
SYNTHETIC_TXN_000334,SYNTHETIC_ACCT_0038,2023-01-28,5202.88,REFUND,DINING,ATM,False
SYNTHETIC_TXN_000335,SYNTHETIC_ACCT_0097,2024-12-12,9480.83,REFUND,DINING,BRANCH,False
SYNTHETIC_TXN_000336,SYNTHETIC_ACCT_0094,2023-03-06,5046.34,PURCHASE,HEALTHCARE,MOBILE,False
SYNTHETIC_TXN_000337,SYNTHETIC_ACCT_0069,2023-03-03,5939.24,PURCHASE,RETAIL,ONLINE,False
SYNTHETIC_TXN_000338,SYNTHETIC_ACCT_0049,2023-01-20,2527.39,PURCHASE,GROCERY,ATM,False
SYNTHETIC_TXN_000339,SYNTHETIC_ACCT_0067,2023-07-27,6056.34,PURCHASE,RETAIL,ATM,False
SYNTHETIC_TXN_000340,SYNTHETIC_ACCT_0026,2023-12-31,7779.58,FEE,GROCERY,ATM,False
SYNTHETIC_TXN_000341,SYNTHETIC_ACCT_0027,2023-02-13,4806.64,PURCHASE,RETAIL,ONLINE,False
SYNTHETIC_TXN_000342,SYNTHETIC_ACCT_0020,2024-09-19,7795.26,TRANSFER,HEALTHCARE,BRANCH,False
SYNTHETIC_TXN_000343,SYNTHETIC_ACCT_0034,2024-03-09,998.1,TRANSFER,RETAIL,ATM,False
SYNTHETIC_TXN_000344,SYNTHETIC_ACCT_0098,2024-07-10,96.73,TRANSFER,HEALTHCARE,ATM,False
SYNTHETIC_TXN_000345,SYNTHETIC_ACCT_0035,2024-09-06,929.52,FEE,GROCERY,MOBILE,False
SYNTHETIC_TXN_000346,SYNTHETIC_ACCT_0050,2024-09-07,4782.45,REFUND,GROCERY,ONLINE,False
SYNTHETIC_TXN_000347,SYNTHETIC_ACCT_0014,2023-10-10,5907.5,REFUND,HEALTHCARE,MOBILE,False
SYNTHETIC_TXN_000348,SYNTHETIC_ACCT_0088,2023-08-20,7272.78,PURCHASE,DINING,MOBILE,False
SYNTHETIC_TXN_000349,SYNTHETIC_ACCT_0084,2023-05-21,7045.68,REFUND,HEALTHCARE,ATM,False
SYNTHETIC_TXN_000350,SYNTHETIC_ACCT_0080,2023-02-21,6617.13,FEE,TRAVEL,BRANCH,False
SYNTHETIC_TXN_000351,SYNTHETIC_ACCT_0079,2023-08-12,6433.98,REFUND,DINING,ONLINE,False
SYNTHETIC_TXN_000352,SYNTHETIC_ACCT_0043,2023-12-10,503.52,FEE,HEALTHCARE,BRANCH,False
SYNTHETIC_TXN_000353,SYNTHETIC_ACCT_0074,2023-08-10,8565.89,PURCHASE,RETAIL,ONLINE,False
SYNTHETIC_TXN_000354,SYNTHETIC_ACCT_0071,2023-03-20,908.96,TRANSFER,UTILITIES,BRANCH,False
SYNTHETIC_TXN_000355,SYNTHETIC_ACCT_0044,2024-01-27,542.76,FEE,DINING,ATM,False
SYNTHETIC_TXN_000356,SYNTHETIC_ACCT_0098,2024-03-08,21.98,TRANSFER,HEALTHCARE,ONLINE,True
SYNTHETIC_TXN_000357,SYNTHETIC_ACCT_0018,2023-04-16,7425.1,REFUND,TRAVEL,BRANCH,False
SYNTHETIC_TXN_000358,SYNTHETIC_ACCT_0028,2023-11-03,7814.2,PURCHASE,RETAIL,ONLINE,False
SYNTHETIC_TXN_000359,SYNTHETIC_ACCT_0085,2023-07-07,5041.98,PURCHASE,RETAIL,MOBILE,False
SYNTHETIC_TXN_000360,SYNTHETIC_ACCT_0066,2024-08-22,9101.81,PURCHASE,GROCERY,MOBILE,False
SYNTHETIC_TXN_000361,SYNTHETIC_ACCT_0042,2024-04-21,3846.63,TRANSFER,HEALTHCARE,MOBILE,False
SYNTHETIC_TXN_000362,SYNTHETIC_ACCT_0058,2023-07-26,1381.81,TRANSFER,HEALTHCARE,ATM,False
SYNTHETIC_TXN_000363,SYNTHETIC_ACCT_0081,2024-01-13,2097.13,REFUND,HEALTHCARE,BRANCH,False
SYNTHETIC_TXN_000364,SYNTHETIC_ACCT_0042,2023-05-27,7607.75,FEE,UTILITIES,ATM,False
SYNTHETIC_TXN_000365,SYNTHETIC_ACCT_0002,2024-11-04,252.73,REFUND,HEALTHCARE,ATM,False
SYNTHETIC_TXN_000366,SYNTHETIC_ACCT_0037,2024-06-06,1464.29,PURCHASE,TRAVEL,ATM,False
SYNTHETIC_TXN_000367,SYNTHETIC_ACCT_0087,2023-11-29,8648.41,REFUND,UTILITIES,ATM,False
SYNTHETIC_TXN_000368,SYNTHETIC_ACCT_0049,2023-06-15,9567.01,PURCHASE,TRAVEL,ONLINE,False
SYNTHETIC_TXN_000369,SYNTHETIC_ACCT_0100,2023-01-10,4430.64,TRANSFER,HEALTHCARE,BRANCH,False
SYNTHETIC_TXN_000370,SYNTHETIC_ACCT_0038,2023-07-24,9834.52,PURCHASE,GROCERY,MOBILE,True
SYNTHETIC_TXN_000371,SYNTHETIC_ACCT_0034,2023-09-11,5839.86,REFUND,TRAVEL,ONLINE,False
SYNTHETIC_TXN_000372,SYNTHETIC_ACCT_0007,2023-08-17,6253.66,TRANSFER,TRAVEL,ONLINE,False
SYNTHETIC_TXN_000373,SYNTHETIC_ACCT_0029,2023-11-02,5206.06,FEE,GROCERY,ONLINE,False
SYNTHETIC_TXN_000374,SYNTHETIC_ACCT_0085,2023-07-07,3607.98,FEE,UTILITIES,ONLINE,False
SYNTHETIC_TXN_000375,SYNTHETIC_ACCT_0031,2023-02-02,6137.01,TRANSFER,RETAIL,MOBILE,False
SYNTHETIC_TXN_000376,SYNTHETIC_ACCT_0050,2023-12-14,7239.75,FEE,UTILITIES,MOBILE,True
SYNTHETIC_TXN_000377,SYNTHETIC_ACCT_0025,2023-07-04,823.46,PURCHASE,UTILITIES,ONLINE,False
SYNTHETIC_TXN_000378,SYNTHETIC_ACCT_0028,2023-01-12,4242.1,FEE,UTILITIES,ONLINE,False
SYNTHETIC_TXN_000379,SYNTHETIC_ACCT_0059,2024-04-18,378.87,PURCHASE,GROCERY,BRANCH,False
SYNTHETIC_TXN_000380,SYNTHETIC_ACCT_0058,2024-09-01,4330.25,PURCHASE,HEALTHCARE,ONLINE,False
SYNTHETIC_TXN_000381,SYNTHETIC_ACCT_0090,2023-01-29,3577.0,TRANSFER,TRAVEL,ONLINE,False
SYNTHETIC_TXN_000382,SYNTHETIC_ACCT_0049,2024-05-20,6607.23,REFUND,UTILITIES,MOBILE,False
SYNTHETIC_TXN_000383,SYNTHETIC_ACCT_0038,2023-03-09,1440.76,TRANSFER,HEALTHCARE,ONLINE,False
SYNTHETIC_TXN_000384,SYNTHETIC_ACCT_0016,2024-10-05,5727.18,TRANSFER,UTILITIES,BRANCH,False
SYNTHETIC_TXN_000385,SYNTHETIC_ACCT_0045,2024-07-20,9056.27,REFUND,GROCERY,BRANCH,False
SYNTHETIC_TXN_000386,SYNTHETIC_ACCT_0015,2023-09-16,7996.59,PURCHASE,UTILITIES,ATM,False
SYNTHETIC_TXN_000387,SYNTHETIC_ACCT_0026,2023-02-13,4871.9,REFUND,GROCERY,ONLINE,False
SYNTHETIC_TXN_000388,SYNTHETIC_ACCT_0025,2023-01-21,4506.46,REFUND,TRAVEL,ATM,False
SYNTHETIC_TXN_000389,SYNTHETIC_ACCT_0022,2023-03-16,2461.76,FEE,HEALTHCARE,ATM,False
SYNTHETIC_TXN_000390,SYNTHETIC_ACCT_0094,2023-08-21,4799.54,PURCHASE,TRAVEL,BRANCH,False
SYNTHETIC_TXN_000391,SYNTHETIC_ACCT_0036,2023-03-31,1400.02,PURCHASE,TRAVEL,ONLINE,False
SYNTHETIC_TXN_000392,SYNTHETIC_ACCT_0081,2024-05-28,5818.9,PURCHASE,UTILITIES,ATM,False
SYNTHETIC_TXN_000393,SYNTHETIC_ACCT_0061,2024-03-09,1486.34,REFUND,UTILITIES,MOBILE,False
SYNTHETIC_TXN_000394,SYNTHETIC_ACCT_0047,2023-01-31,6626.78,REFUND,UTILITIES,BRANCH,False
SYNTHETIC_TXN_000395,SYNTHETIC_ACCT_0073,2023-12-30,9677.35,PURCHASE,DINING,BRANCH,False
SYNTHETIC_TXN_000396,SYNTHETIC_ACCT_0034,2023-11-30,428.09,FEE,TRAVEL,MOBILE,False
SYNTHETIC_TXN_000397,SYNTHETIC_ACCT_0084,2024-04-06,7037.36,REFUND,TRAVEL,MOBILE,False
SYNTHETIC_TXN_000398,SYNTHETIC_ACCT_0084,2023-07-22,778.38,FEE,GROCERY,ATM,False
SYNTHETIC_TXN_000399,SYNTHETIC_ACCT_0062,2024-07-15,65.99,REFUND,DINING,ONLINE,False
SYNTHETIC_TXN_000400,SYNTHETIC_ACCT_0020,2023-02-24,3622.23,REFUND,RETAIL,MOBILE,False
SYNTHETIC_TXN_000401,SYNTHETIC_ACCT_0062,2023-11-07,4790.21,PURCHASE,HEALTHCARE,BRANCH,True
SYNTHETIC_TXN_000402,SYNTHETIC_ACCT_0021,2024-11-04,5126.43,REFUND,GROCERY,ATM,False
SYNTHETIC_TXN_000403,SYNTHETIC_ACCT_0052,2023-02-23,5636.05,TRANSFER,HEALTHCARE,ONLINE,False
SYNTHETIC_TXN_000404,SYNTHETIC_ACCT_0061,2024-08-07,1705.67,REFUND,UTILITIES,ATM,False
SYNTHETIC_TXN_000405,SYNTHETIC_ACCT_0059,2024-09-11,688.44,PURCHASE,GROCERY,BRANCH,False
SYNTHETIC_TXN_000406,SYNTHETIC_ACCT_0088,2023-04-12,1495.62,PURCHASE,DINING,ONLINE,False
SYNTHETIC_TXN_000407,SYNTHETIC_ACCT_0078,2023-03-08,12.01,FEE,HEALTHCARE,MOBILE,False
SYNTHETIC_TXN_000408,SYNTHETIC_ACCT_0068,2024-01-08,9384.21,PURCHASE,DINING,MOBILE,False
SYNTHETIC_TXN_000409,SYNTHETIC_ACCT_0030,2023-11-09,838.18,TRANSFER,UTILITIES,BRANCH,True
SYNTHETIC_TXN_000410,SYNTHETIC_ACCT_0001,2024-06-04,1178.29,TRANSFER,HEALTHCARE,MOBILE,False
SYNTHETIC_TXN_000411,SYNTHETIC_ACCT_0084,2023-12-23,2613.03,TRANSFER,UTILITIES,MOBILE,False
SYNTHETIC_TXN_000412,SYNTHETIC_ACCT_0072,2024-02-21,3702.13,TRANSFER,TRAVEL,MOBILE,False
SYNTHETIC_TXN_000413,SYNTHETIC_ACCT_0085,2024-09-20,2297.72,REFUND,GROCERY,MOBILE,False
SYNTHETIC_TXN_000414,SYNTHETIC_ACCT_0079,2024-12-26,7067.9,PURCHASE,HEALTHCARE,BRANCH,False
SYNTHETIC_TXN_000415,SYNTHETIC_ACCT_0012,2023-12-04,2217.71,FEE,RETAIL,ATM,False
SYNTHETIC_TXN_000416,SYNTHETIC_ACCT_0100,2023-02-28,6402.91,TRANSFER,GROCERY,BRANCH,True
SYNTHETIC_TXN_000417,SYNTHETIC_ACCT_0067,2024-05-01,6151.9,PURCHASE,TRAVEL,BRANCH,False
SYNTHETIC_TXN_000418,SYNTHETIC_ACCT_0052,2024-12-16,3951.43,PURCHASE,UTILITIES,ONLINE,False
SYNTHETIC_TXN_000419,SYNTHETIC_ACCT_0072,2024-05-14,3480.96,REFUND,TRAVEL,MOBILE,False
SYNTHETIC_TXN_000420,SYNTHETIC_ACCT_0034,2024-03-05,5062.38,TRANSFER,UTILITIES,ONLINE,False
SYNTHETIC_TXN_000421,SYNTHETIC_ACCT_0069,2023-06-04,5748.94,FEE,DINING,BRANCH,False
SYNTHETIC_TXN_000422,SYNTHETIC_ACCT_0059,2024-09-03,8965.23,TRANSFER,DINING,ONLINE,False
SYNTHETIC_TXN_000423,SYNTHETIC_ACCT_0029,2023-07-22,2299.31,PURCHASE,TRAVEL,ATM,False
SYNTHETIC_TXN_000424,SYNTHETIC_ACCT_0087,2023-09-01,3419.93,TRANSFER,GROCERY,ATM,False
SYNTHETIC_TXN_000425,SYNTHETIC_ACCT_0024,2024-06-10,6831.07,REFUND,DINING,BRANCH,False
SYNTHETIC_TXN_000426,SYNTHETIC_ACCT_0026,2024-08-31,8363.34,PURCHASE,RETAIL,MOBILE,False
SYNTHETIC_TXN_000427,SYNTHETIC_ACCT_0070,2023-08-15,8480.1,TRANSFER,TRAVEL,MOBILE,False
SYNTHETIC_TXN_000428,SYNTHETIC_ACCT_0066,2023-07-12,2220.93,FEE,RETAIL,MOBILE,False
SYNTHETIC_TXN_000429,SYNTHETIC_ACCT_0045,2023-01-16,6863.38,FEE,RETAIL,ATM,False
SYNTHETIC_TXN_000430,SYNTHETIC_ACCT_0027,2024-06-23,1007.49,TRANSFER,TRAVEL,BRANCH,False
SYNTHETIC_TXN_000431,SYNTHETIC_ACCT_0044,2023-12-16,4987.7,TRANSFER,HEALTHCARE,MOBILE,False
SYNTHETIC_TXN_000432,SYNTHETIC_ACCT_0017,2024-03-30,6860.12,REFUND,HEALTHCARE,MOBILE,False
SYNTHETIC_TXN_000433,SYNTHETIC_ACCT_0095,2024-08-16,8056.68,TRANSFER,DINING,MOBILE,False
SYNTHETIC_TXN_000434,SYNTHETIC_ACCT_0073,2024-04-15,989.76,FEE,GROCERY,ONLINE,False
SYNTHETIC_TXN_000435,SYNTHETIC_ACCT_0047,2024-12-11,5574.91,FEE,TRAVEL,ONLINE,False
SYNTHETIC_TXN_000436,SYNTHETIC_ACCT_0078,2024-03-15,5758.94,TRANSFER,GROCERY,ATM,False
SYNTHETIC_TXN_000437,SYNTHETIC_ACCT_0095,2023-03-26,784.08,REFUND,DINING,BRANCH,False
SYNTHETIC_TXN_000438,SYNTHETIC_ACCT_0054,2024-10-11,5716.37,REFUND,RETAIL,ATM,False
SYNTHETIC_TXN_000439,SYNTHETIC_ACCT_0038,2023-12-26,6053.85,FEE,DINING,MOBILE,False
SYNTHETIC_TXN_000440,SYNTHETIC_ACCT_0017,2024-10-11,6620.22,REFUND,HEALTHCARE,BRANCH,False
SYNTHETIC_TXN_000441,SYNTHETIC_ACCT_0061,2024-09-16,263.66,TRANSFER,RETAIL,BRANCH,False
SYNTHETIC_TXN_000442,SYNTHETIC_ACCT_0050,2024-08-24,2473.97,REFUND,HEALTHCARE,BRANCH,True
SYNTHETIC_TXN_000443,SYNTHETIC_ACCT_0042,2023-06-19,4671.94,FEE,TRAVEL,BRANCH,False
SYNTHETIC_TXN_000444,SYNTHETIC_ACCT_0023,2023-10-13,4565.44,TRANSFER,UTILITIES,ATM,False
SYNTHETIC_TXN_000445,SYNTHETIC_ACCT_0012,2024-12-21,3657.84,PURCHASE,TRAVEL,BRANCH,False
SYNTHETIC_TXN_000446,SYNTHETIC_ACCT_0002,2024-12-22,4919.32,FEE,TRAVEL,ATM,False
SYNTHETIC_TXN_000447,SYNTHETIC_ACCT_0071,2024-04-20,4117.36,REFUND,DINING,MOBILE,False
SYNTHETIC_TXN_000448,SYNTHETIC_ACCT_0011,2023-01-21,2395.62,TRANSFER,UTILITIES,ATM,False
SYNTHETIC_TXN_000449,SYNTHETIC_ACCT_0035,2024-09-09,8534.81,FEE,TRAVEL,MOBILE,False
SYNTHETIC_TXN_000450,SYNTHETIC_ACCT_0025,2024-06-24,1521.5,PURCHASE,RETAIL,ATM,False
SYNTHETIC_TXN_000451,SYNTHETIC_ACCT_0094,2024-01-16,901.98,FEE,GROCERY,ATM,False
SYNTHETIC_TXN_000452,SYNTHETIC_ACCT_0048,2024-11-04,7914.24,TRANSFER,GROCERY,MOBILE,False
SYNTHETIC_TXN_000453,SYNTHETIC_ACCT_0025,2024-08-29,2500.8,REFUND,RETAIL,MOBILE,False
SYNTHETIC_TXN_000454,SYNTHETIC_ACCT_0095,2023-07-17,1991.8,REFUND,RETAIL,MOBILE,False
SYNTHETIC_TXN_000455,SYNTHETIC_ACCT_0042,2023-07-17,7282.37,PURCHASE,UTILITIES,ATM,False
SYNTHETIC_TXN_000456,SYNTHETIC_ACCT_0047,2024-05-04,8636.57,FEE,RETAIL,ATM,True
SYNTHETIC_TXN_000457,SYNTHETIC_ACCT_0075,2023-05-16,7891.43,FEE,RETAIL,BRANCH,False
SYNTHETIC_TXN_000458,SYNTHETIC_ACCT_0021,2024-10-31,6859.44,PURCHASE,HEALTHCARE,ATM,False
SYNTHETIC_TXN_000459,SYNTHETIC_ACCT_0014,2024-01-11,2326.75,FEE,HEALTHCARE,BRANCH,True
SYNTHETIC_TXN_000460,SYNTHETIC_ACCT_0093,2023-06-08,8986.62,TRANSFER,DINING,MOBILE,False
SYNTHETIC_TXN_000461,SYNTHETIC_ACCT_0045,2023-06-13,4683.95,REFUND,UTILITIES,ONLINE,False
SYNTHETIC_TXN_000462,SYNTHETIC_ACCT_0034,2023-12-09,4540.79,REFUND,UTILITIES,ONLINE,False
SYNTHETIC_TXN_000463,SYNTHETIC_ACCT_0080,2023-12-01,7210.03,REFUND,UTILITIES,MOBILE,False
SYNTHETIC_TXN_000464,SYNTHETIC_ACCT_0037,2023-02-26,6409.04,PURCHASE,UTILITIES,ONLINE,False
SYNTHETIC_TXN_000465,SYNTHETIC_ACCT_0005,2023-03-15,4853.7,FEE,UTILITIES,MOBILE,False
SYNTHETIC_TXN_000466,SYNTHETIC_ACCT_0033,2024-06-01,2207.23,FEE,RETAIL,ONLINE,False
SYNTHETIC_TXN_000467,SYNTHETIC_ACCT_0047,2023-01-06,9382.43,PURCHASE,TRAVEL,ATM,False
SYNTHETIC_TXN_000468,SYNTHETIC_ACCT_0039,2024-05-09,2159.01,FEE,RETAIL,BRANCH,False
SYNTHETIC_TXN_000469,SYNTHETIC_ACCT_0073,2024-09-14,1788.99,TRANSFER,DINING,MOBILE,False
SYNTHETIC_TXN_000470,SYNTHETIC_ACCT_0014,2023-02-27,1803.97,REFUND,TRAVEL,MOBILE,False
SYNTHETIC_TXN_000471,SYNTHETIC_ACCT_0071,2023-10-18,3246.54,TRANSFER,HEALTHCARE,BRANCH,False
SYNTHETIC_TXN_000472,SYNTHETIC_ACCT_0099,2023-09-30,7445.78,FEE,DINING,ONLINE,False
SYNTHETIC_TXN_000473,SYNTHETIC_ACCT_0077,2024-02-28,1350.86,REFUND,RETAIL,BRANCH,False
SYNTHETIC_TXN_000474,SYNTHETIC_ACCT_0089,2023-05-26,9191.11,REFUND,UTILITIES,ONLINE,True
SYNTHETIC_TXN_000475,SYNTHETIC_ACCT_0018,2024-02-28,8896.25,PURCHASE,TRAVEL,MOBILE,False
SYNTHETIC_TXN_000476,SYNTHETIC_ACCT_0010,2023-01-12,7929.04,PURCHASE,HEALTHCARE,ATM,True
SYNTHETIC_TXN_000477,SYNTHETIC_ACCT_0049,2023-10-14,559.24,FEE,TRAVEL,ONLINE,False
SYNTHETIC_TXN_000478,SYNTHETIC_ACCT_0084,2023-12-06,9286.52,PURCHASE,HEALTHCARE,ATM,False
SYNTHETIC_TXN_000479,SYNTHETIC_ACCT_0073,2023-02-11,5024.02,FEE,RETAIL,MOBILE,False
SYNTHETIC_TXN_000480,SYNTHETIC_ACCT_0012,2024-01-22,2897.83,PURCHASE,GROCERY,MOBILE,False
SYNTHETIC_TXN_000481,SYNTHETIC_ACCT_0052,2024-08-20,3985.27,REFUND,HEALTHCARE,MOBILE,False
SYNTHETIC_TXN_000482,SYNTHETIC_ACCT_0084,2024-04-23,5611.67,REFUND,UTILITIES,ONLINE,False
SYNTHETIC_TXN_000483,SYNTHETIC_ACCT_0088,2023-12-23,895.95,TRANSFER,DINING,BRANCH,False
SYNTHETIC_TXN_000484,SYNTHETIC_ACCT_0004,2023-04-03,1692.56,REFUND,DINING,MOBILE,True
SYNTHETIC_TXN_000485,SYNTHETIC_ACCT_0026,2024-09-07,1559.92,PURCHASE,RETAIL,BRANCH,False
SYNTHETIC_TXN_000486,SYNTHETIC_ACCT_0037,2023-09-06,6937.95,PURCHASE,DINING,ATM,False
SYNTHETIC_TXN_000487,SYNTHETIC_ACCT_0027,2024-08-09,7503.55,PURCHASE,UTILITIES,MOBILE,False
SYNTHETIC_TXN_000488,SYNTHETIC_ACCT_0006,2023-04-09,601.11,TRANSFER,HEALTHCARE,ONLINE,False
SYNTHETIC_TXN_000489,SYNTHETIC_ACCT_0009,2023-12-29,2713.11,PURCHASE,HEALTHCARE,ONLINE,False
SYNTHETIC_TXN_000490,SYNTHETIC_ACCT_0050,2024-02-12,3807.01,FEE,RETAIL,ONLINE,False
SYNTHETIC_TXN_000491,SYNTHETIC_ACCT_0059,2024-02-23,7124.69,TRANSFER,UTILITIES,MOBILE,False
SYNTHETIC_TXN_000492,SYNTHETIC_ACCT_0045,2024-03-24,3553.78,PURCHASE,UTILITIES,ATM,False
SYNTHETIC_TXN_000493,SYNTHETIC_ACCT_0004,2023-11-25,9491.16,REFUND,TRAVEL,ONLINE,False
SYNTHETIC_TXN_000494,SYNTHETIC_ACCT_0087,2023-05-25,6255.24,REFUND,GROCERY,MOBILE,False
SYNTHETIC_TXN_000495,SYNTHETIC_ACCT_0043,2023-06-26,1317.73,REFUND,UTILITIES,BRANCH,False
SYNTHETIC_TXN_000496,SYNTHETIC_ACCT_0068,2023-03-01,4300.64,REFUND,GROCERY,ATM,False
SYNTHETIC_TXN_000497,SYNTHETIC_ACCT_0093,2024-12-01,3175.98,TRANSFER,HEALTHCARE,MOBILE,False
SYNTHETIC_TXN_000498,SYNTHETIC_ACCT_0096,2024-07-29,8941.29,REFUND,TRAVEL,ONLINE,False
SYNTHETIC_TXN_000499,SYNTHETIC_ACCT_0079,2024-05-08,6056.04,REFUND,UTILITIES,ONLINE,False
SYNTHETIC_TXN_000500,SYNTHETIC_ACCT_0062,2023-12-15,8461.38,REFUND,HEALTHCARE,MOBILE,False
